{
 "back_left_camera": {
  "intrinsics": {
   "RadialDistortion": [
    -0.570886,
    0.316421,
    -0.07521
   ],
   "TangentialDistortion": [
    -0.002327,
    0.005021
   ],
   "ImageSize": [
    1080,
    1920
   ],
   "IntrinsicMatrix": [
    [
     1963.046021,
     0.0,
     0.0
    ],
    [
     0.0,
     1963.991211,
     0.0
    ],
    [
     933.110291,
     523.417725,
     1.0
    ]
   ]
  },
  "extrinsics": {
   "cTv": [
    [
     0.30525079556199997,
     0.9522085966804614,
     -0.010988185318436698,
     -0.07434550691249373
    ],
    [
     -0.003610991615645755,
     -0.010381405411036283,
     -0.9999395917560435,
     1.0725920904415356
    ],
    [
     -0.952265148237778,
     0.3052720341425298,
     0.00026948499818821347,
     -0.5937718995609409
    ],
    [
     0.0,
     0.0,
     0.0,
     1.0
    ]
   ]
  }
 },
 "left_camera": {
  "intrinsics": {
   "ImageSize": [
    1080,
    1920
   ],
   "IntrinsicMatrix": [
    [
     1009.113892,
     0.0,
     0.0
    ],
    [
     -0.726012,
     1010.43866,
     0.0
    ],
    [
     978.350769,
     501.723328,
     1.0
    ]
   ],
   "DistortionCoefficients": [
    -0.065657,
    0.001739,
    -0.011509,
    0.004415
   ]
  },
  "extrinsics": {
   "cTv": [
    [
     0.9995546833686807,
     0.029678279937917947,
     -0.003103974172344095,
     0.4818326247827518
    ],
    [
     -0.003137313183133395,
     0.0010768477366813291,
     -0.9999944988173396,
     0.8984808412445959
    ],
    [
     -0.029674774164716467,
     0.9995589227748797,
     0.001169478257376444,
     -0.7129163962122865
    ],
    [
     0.0,
     0.0,
     0.0,
     1.0
    ]
   ]
  }
 },
 "front_left_camera": {
  "intrinsics": {
   "RadialDistortion": [
    -0.54172,
    0.328251,
    -0.143775
   ],
   "TangentialDistortion": [
    0.000891,
    -6.3e-05
   ],
   "ImageSize": [
    1080,
    1920
   ],
   "IntrinsicMatrix": [
    [
     1920.199341,
     0.0,
     0.0
    ],
    [
     0.0,
     1920.33313,
     0.0
    ],
    [
     948.859863,
     532.113831,
     1.0
    ]
   ]
  },
  "extrinsics": {
   "cTv": [
    [
     0.35657230033966547,
     -0.9342626912328339,
     -0.0030689413258957643,
     0.11294938397964989
    ],
    [
     0.023416089771993463,
     0.012220759431016017,
     -0.999651109026904,
     1.0144724205352489
    ],
    [
     0.9339742402070141,
     0.35637603287722874,
     0.02623436335074727,
     0.18471698275741202
    ],
    [
     0.0,
     0.0,
     0.0,
     1.0
    ]
   ]
  }
 },
 "front_right_camera": {
  "intrinsics": {
   "RadialDistortion": [
    -0.555591,
    0.357737,
    -0.177662
   ],
   "TangentialDistortion": [
    -0.001733,
    0.002779
   ],
   "ImageSize": [
    1080,
    1920
   ],
   "IntrinsicMatrix": [
    [
     1959.275513,
     0.0,
     0.0
    ],
    [
     0.0,
     1961.032593,
     0.0
    ],
    [
     956.570618,
     504.003082,
     1.0
    ]
   ]
  },
  "extrinsics": {
   "cTv": [
    [
     -0.32484061270684694,
     -0.9457589095276383,
     -0.004319882560068069,
     -0.11287259436262526
    ],
    [
     0.004747091667956336,
     0.0029370773661042283,
     -0.9999844192272406,
     1.1039214027063922
    ],
    [
     0.9457568617022752,
     -0.32485605831758463,
     0.003535522228141413,
     0.4092228365991858
    ],
    [
     0.0,
     0.0,
     0.0,
     1.0
    ]
   ]
  }
 },
 "right_camera": {
  "intrinsics": {
   "ImageSize": [
    1080,
    1920
   ],
   "IntrinsicMatrix": [
    [
     1012.784485,
     0.0,
     0.0
    ],
    [
     0.543263,
     1014.21283,
     0.0
    ],
    [
     979.358276,
     479.597565,
     1.0
    ]
   ],
   "DistortionCoefficients": [
    -0.053135,
    -0.050992,
    0.055334,
    -0.025453
   ]
  },
  "extrinsics": {
   "cTv": [
    [
     -0.9999891832096816,
     -0.0035151003765384386,
     -0.0030459042954571877,
     -0.6216201987315495
    ],
    [
     0.003019929060454822,
     0.007371412930606446,
     -0.9999682706465621,
     0.8745437451688642
    ],
    [
     0.003537441462984872,
     -0.9999666526143506,
     -0.007360717841800745,
     -0.6342837792154944
    ],
    [
     0.0,
     0.0,
     0.0,
     1.0
    ]
   ]
  }
 },
 "back_right_camera": {
  "intrinsics": {
   "RadialDistortion": [
    -0.608038,
    0.323038,
    0.149908
   ],
   "TangentialDistortion": [
    0.002499,
    -0.000587
   ],
   "ImageSize": [
    1080,
    1920
   ],
   "IntrinsicMatrix": [
    [
     2062.815186,
     0.0,
     0.0
    ],
    [
     0.0,
     2063.130615,
     0.0
    ],
    [
     978.93158,
     554.732483,
     1.0
    ]
   ]
  },
  "extrinsics": {
   "cTv": [
    [
     -0.34903889281830836,
     0.9370324185813046,
     0.011920479346069759,
     -0.11590673108273303
    ],
    [
     -0.014331691311885568,
     0.007381401623643267,
     -0.9998700503236467,
     1.008965123109118
    ],
    [
     -0.9369986413673773,
     -0.34916437595742944,
     0.01085286312217354,
     0.3420166941122942
    ],
    [
     0.0,
     0.0,
     0.0,
     1.0
    ]
   ]
  }
 },
 "middle_lidar": {
  "extrinsics": {
   "vTl": [
    [
     0.0014287237113114867,
     0.9999867390950266,
     0.004947765420057748,
     -0.49207339694904556
    ],
    [
     -0.9999945230687807,
     0.0014139287941740586,
     0.0029924300839374025,
     -0.004297310356158594
    ],
    [
     0.002985394613612182,
     -0.004952013677302214,
     0.9999832823500305,
     1.2406857283191048
    ],
    [
     0.0,
     0.0,
     0.0,
     1.0
    ]
   ]
  }
 },
 "state": {
  "dimension": [
   4.915,
   1.937,
   1.633
  ]
 },
 "ADMA_to_vehicle": {
    "extrinsics": {
        "vTa": [
    [
    0.0, 
    0.0, 
    0.0, 
    -0.303908], 
    [
    0.0, 
    0.0, 
    0.0, 
    0.026288
    ], 
    [
    0.0, 
    0.0, 
    0.0, 
    -0.285867
    ], 
    [
    0, 
    0, 
    0, 
    1
    ]]
    }
 }
}
