{
    "Audi Q8": {
        "vTc_back_left_camera": {
            "x": -0.5388611397777352,
            "y": 0.26318939973383,
            "z": 1.0718703874486002,
            "roll": 1.2605751897076745,
            "pitch": 0.01098840644976421,
            "yaw": -1.5705268255231342
        },
        "vTc_left_camera": {
            "x": -0.4999548739693175,
            "y": 0.6973344544446324,
            "z": 0.9008052347847872,
            "roll": 0.029682781472697584,
            "pitch": 0.0031039791566527617,
            "yaw": -1.5696268426371367
        },
        "vTc_front_left_camera": {
            "x": -0.23655050256222285,
            "y": 0.027298066529018686,
            "z": 1.0096191828547874,
            "roll": -1.2061980788688724,
            "pitch": 0.0030689461433361202,
            "yaw": -1.5445588296611559
        },
        "vTc_front_right_camera": {
            "x": -0.4289313244823817,
            "y": 0.022945953345353612,
            "z": 1.1019697899709162,
            "roll": -1.9016427281371213,
            "pitch": 0.004319895996013073,
            "yaw": -1.567260764211552
        },
        "vTc_right_camera": {
            "x": -0.6220107931269809,
            "y": -0.6428943079758417,
            "z": 0.8679538168973812,
            "roll": -3.1380775296685477,
            "pitch": 0.003045909005223108,
            "yaw": -1.578157145251619
        },
        "vTc_back_right_camera": {
            "x": 0.29447339730973343,
            "y": 0.22058083332513134,
            "z": 1.0065038118451612,
            "roll": 1.9273680908181374,
            "pitch": -0.01192076167649379,
            "yaw": -1.5599424793995902
        },
        "vTl_middle_lidar": {
            "x": -0.49207339694904556,
            "y": -0.004297310356158594,
            "z": 1.2406857283191048,
            "roll": -1.5693675962306637,
            "pitch": -0.0029853990482251853,
            "yaw": -0.0049520559847977584
        },
        "vTa_ADMA_to_vehicle": {
            "x": -0.303908,
            "y": 0.026288,
            "z": -0.285867,
            "roll": -0.0,
            "pitch": -0.0,
            "yaw": 0.0
        }
    }
}